Library,Function,Address
"SHLWAPI.dll","PathRemoveFileSpecW","0x180105790"
"SHLWAPI.dll","PathCanonicalizeA","0x180105798"
"WINHTTP.dll","WinHttpConnect","0x180105a20"
"WINHTTP.dll","WinHttpReceiveResponse","0x180105a28"
"WINHTTP.dll","WinHttpSendRequest","0x180105a30"
"WINHTTP.dll","WinHttpOpenRequest","0x180105a38"
"WINHTTP.dll","WinHttpQueryHeaders","0x180105a40"
"WINHTTP.dll","WinHttpCloseHandle","0x180105a48"
"WINHTTP.dll","WinHttpOpen","0x180105a50"
"WINHTTP.dll","WinHttpCrackUrl","0x180105a58"
"dbghelp.dll","SymGetOptions","0x180105e58"
"dbghelp.dll","SymSetOptions","0x180105e60"
"dbghelp.dll","SymFromAddr","0x180105e68"
"dbghelp.dll","SymInitialize","0x180105e70"
"skia.dll","??3SkTextBlob@@CAXPEAX@Z","0x180105e90"
"skia.dll","?MakeDefault@SkTypeface@@SA?AV?$sk_sp@VSkTypeface@@@@XZ","0x180105e98"
"skia.dll","?getCanvas@SkSurface@@QEAAPEAVSkCanvas@@XZ","0x180105ea0"
"skia.dll","?MakeRasterDirect@SkSurface@@SA?AV?$sk_sp@VSkSurface@@@@AEBUSkImageInfo@@PEAX_KPEBVSkSurfaceProps@@@Z","0x180105ea8"
"skia.dll","?clipRect@SkCanvas@@QEAAXAEBUSkRect@@W4SkClipOp@@_N@Z","0x180105eb0"
"skia.dll","?MakeFromName@SkTypeface@@SA?AV?$sk_sp@VSkTypeface@@@@QEBDVSkFontStyle@@@Z","0x180105eb8"
"skia.dll","?getFamilyName@SkTypeface@@QEBAXPEAVSkString@@@Z","0x180105ec0"
"skia.dll","?restore@SkCanvas@@QEAAXXZ","0x180105ec8"
"skia.dll","?drawTextBlob@SkCanvas@@QEAAXPEBVSkTextBlob@@MMAEBVSkPaint@@@Z","0x180105ed0"
"skia.dll","??0SkFont@@QEAA@XZ","0x180105ed8"
"skia.dll","?measureText@SkFont@@QEBAMPEBX_KW4SkTextEncoding@@PEAUSkRect@@PEBVSkPaint@@@Z","0x180105ee0"
"skia.dll","??0SkPaint@@QEAA@XZ","0x180105ee8"
"skia.dll","??1SkPaint@@QEAA@XZ","0x180105ef0"
"skia.dll","?setColor@SkPaint@@QEAAXAEBU?$SkRGBA4f@$02@@PEAVSkColorSpace@@@Z","0x180105ef8"
"skia.dll","?FromColor@?$SkRGBA4f@$02@@SA?AU1@I@Z","0x180105f00"
"skia.dll","?flush@SkSurface@@QEAA?AW4GrSemaphoresSubmitted@@AEBUGrFlushInfo@@PEBVGrBackendSurfaceMutableState@@@Z","0x180105f08"
"skia.dll","?save@SkCanvas@@QEAAHXZ","0x180105f10"
"skia.dll","?MakeRasterData@SkImage@@SA?AV?$sk_sp@VSkImage@@@@AEBUSkImageInfo@@V?$sk_sp@VSkData@@@@_K@Z","0x180105f18"
"skia.dll","?getBounds@SkTypeface@@QEBA?AUSkRect@@XZ","0x180105f20"
"skia.dll","?setSize@SkFont@@QEAAXM@Z","0x180105f28"
"skia.dll","??0SkString@@QEAA@XZ","0x180105f30"
"skia.dll","??1SkString@@QEAA@XZ","0x180105f38"
"skia.dll","??1SkTextBlob@@AEAA@XZ","0x180105f40"
"skia.dll","?drawColor@SkCanvas@@QEAAXAEBU?$SkRGBA4f@$02@@W4SkBlendMode@@@Z","0x180105f48"
"skia.dll","?MakeFromText@SkTextBlob@@SA?AV?$sk_sp@VSkTextBlob@@@@PEBX_KAEBVSkFont@@W4SkTextEncoding@@@Z","0x180105f50"
"skia.dll","?DummyReleaseProc@SkData@@CAXPEBXPEAX@Z","0x180105f58"
"skia.dll","??3SkData@@CAXPEAX@Z","0x180105f60"
"skia.dll","??1SkData@@AEAA@XZ","0x180105f68"
"skia.dll","?MakeWithProc@SkData@@SA?AV?$sk_sp@VSkData@@@@PEBX_KP6AX0PEAX@Z2@Z","0x180105f70"
"skia.dll","?setStrokeWidth@SkPaint@@QEAAXM@Z","0x180105f78"
"skia.dll","?setStyle@SkPaint@@QEAAXW4Style@1@@Z","0x180105f80"
"skia.dll","??0SkPaint@@QEAA@AEBU?$SkRGBA4f@$02@@PEAVSkColorSpace@@@Z","0x180105f88"
"skia.dll","?drawImageRect@SkCanvas@@QEAAXPEBVSkImage@@AEBUSkIRect@@AEBUSkRect@@PEBVSkPaint@@W4SrcRectConstraint@1@@Z","0x180105f90"
"skia.dll","?drawRect@SkCanvas@@QEAAXAEBUSkRect@@AEBVSkPaint@@@Z","0x180105f98"
"skia.dll","?drawLine@SkCanvas@@QEAAXMMMMAEBVSkPaint@@@Z","0x180105fa0"
"skia.dll","?resetMatrix@SkCanvas@@QEAAXXZ","0x180105fa8"
"skia.dll","?scale@SkCanvas@@QEAAXMM@Z","0x180105fb0"
"skia.dll","?imageInfo@SkCanvas@@QEBA?AUSkImageInfo@@XZ","0x180105fb8"
"skia.dll","?MakeRasterDirect@SkCanvas@@SA?AV?$unique_ptr@VSkCanvas@@U?$default_delete@VSkCanvas@@@std@@@std@@AEBUSkImageInfo@@PEAX_KPEBVSkSurfaceProps@@@Z","0x180105fc0"
"skia.dll","?drawImageRect@SkCanvas@@QEAAXPEBVSkImage@@AEBUSkRect@@PEBVSkPaint@@@Z","0x180105fc8"
"skia.dll","?getMetrics@SkFont@@QEBAMPEAUSkFontMetrics@@@Z","0x180105fd0"
"KERNEL32.dll","GetFullPathNameW","0x1801050a0"
"KERNEL32.dll","GetFileAttributesExW","0x1801050a8"
"KERNEL32.dll","GetCurrentDirectoryW","0x1801050b0"
"KERNEL32.dll","AreFileApisANSI","0x1801050b8"
"KERNEL32.dll","InitOnceComplete","0x1801050c0"
"KERNEL32.dll","InitOnceBeginInitialize","0x1801050c8"
"KERNEL32.dll","ResetEvent","0x1801050d0"
"KERNEL32.dll","WaitForSingleObjectEx","0x1801050d8"
"KERNEL32.dll","RtlCaptureContext","0x1801050e0"
"KERNEL32.dll","RtlLookupFunctionEntry","0x1801050e8"
"KERNEL32.dll","RtlVirtualUnwind","0x1801050f0"
"KERNEL32.dll","UnhandledExceptionFilter","0x1801050f8"
"KERNEL32.dll","IsProcessorFeaturePresent","0x180105100"
"KERNEL32.dll","IsDebuggerPresent","0x180105108"
"KERNEL32.dll","InitializeSListHead","0x180105110"
"KERNEL32.dll","GetFileInformationByHandle","0x180105118"
"KERNEL32.dll","VirtualAlloc","0x180105120"
"KERNEL32.dll","VirtualFree","0x180105128"
"KERNEL32.dll","OpenThread","0x180105130"
"KERNEL32.dll","SetThreadContext","0x180105138"
"KERNEL32.dll","GetThreadContext","0x180105140"
"KERNEL32.dll","HeapAlloc","0x180105148"
"KERNEL32.dll","HeapReAlloc","0x180105150"
"KERNEL32.dll","ResumeThread","0x180105158"
"KERNEL32.dll","SuspendThread","0x180105160"
"KERNEL32.dll","Thread32First","0x180105168"
"KERNEL32.dll","Thread32Next","0x180105170"
"KERNEL32.dll","HeapFree","0x180105178"
"KERNEL32.dll","HeapCreate","0x180105180"
"KERNEL32.dll","VirtualProtect","0x180105188"
"KERNEL32.dll","GetModuleHandleW","0x180105190"
"KERNEL32.dll","SetConsoleCtrlHandler","0x180105198"
"KERNEL32.dll","Sleep","0x1801051a0"
"KERNEL32.dll","GetConsoleWindow","0x1801051a8"
"KERNEL32.dll","GetModuleFileNameA","0x1801051b0"
"KERNEL32.dll","GetModuleHandleA","0x1801051b8"
"KERNEL32.dll","TerminateProcess","0x1801051c0"
"KERNEL32.dll","OpenProcess","0x1801051c8"
"KERNEL32.dll","CreateToolhelp32Snapshot","0x1801051d0"
"KERNEL32.dll","Process32NextW","0x1801051d8"
"KERNEL32.dll","Process32FirstW","0x1801051e0"
"KERNEL32.dll","CloseHandle","0x1801051e8"
"KERNEL32.dll","ExitProcess","0x1801051f0"
"KERNEL32.dll","GetFileAttributesW","0x1801051f8"
"KERNEL32.dll","lstrcatW","0x180105200"
"KERNEL32.dll","LoadLibraryW","0x180105208"
"KERNEL32.dll","GetProcAddress","0x180105210"
"KERNEL32.dll","FreeLibrary","0x180105218"
"KERNEL32.dll","GetConsoleScreenBufferInfo","0x180105220"
"KERNEL32.dll","SetConsoleTextAttribute","0x180105228"
"KERNEL32.dll","SetConsoleTitleA","0x180105230"
"KERNEL32.dll","GetStdHandle","0x180105238"
"KERNEL32.dll","OutputDebugStringA","0x180105240"
"KERNEL32.dll","AttachConsole","0x180105248"
"KERNEL32.dll","GetCurrentProcessId","0x180105250"
"KERNEL32.dll","AllocConsole","0x180105258"
"KERNEL32.dll","GetModuleFileNameW","0x180105260"
"KERNEL32.dll","MultiByteToWideChar","0x180105268"
"KERNEL32.dll","WideCharToMultiByte","0x180105270"
"KERNEL32.dll","LoadLibraryA","0x180105278"
"KERNEL32.dll","GetSystemInfo","0x180105280"
"KERNEL32.dll","GetSystemTime","0x180105288"
"KERNEL32.dll","SystemTimeToFileTime","0x180105290"
"KERNEL32.dll","InitializeCriticalSection","0x180105298"
"KERNEL32.dll","EnterCriticalSection","0x1801052a0"
"KERNEL32.dll","LeaveCriticalSection","0x1801052a8"
"KERNEL32.dll","InitOnceExecuteOnce","0x1801052b0"
"KERNEL32.dll","CreateDirectoryW","0x1801052b8"
"KERNEL32.dll","DeleteFileW","0x1801052c0"
"KERNEL32.dll","FindClose","0x1801052c8"
"KERNEL32.dll","FindFirstFileW","0x1801052d0"
"KERNEL32.dll","FindNextFileW","0x1801052d8"
"KERNEL32.dll","RemoveDirectoryW","0x1801052e0"
"KERNEL32.dll","GetLastError","0x1801052e8"
"KERNEL32.dll","VirtualQuery","0x1801052f0"
"KERNEL32.dll","LoadLibraryExW","0x1801052f8"
"KERNEL32.dll","Module32FirstW","0x180105300"
"KERNEL32.dll","Module32NextW","0x180105308"
"KERNEL32.dll","QueryPerformanceCounter","0x180105310"
"KERNEL32.dll","QueryPerformanceFrequency","0x180105318"
"KERNEL32.dll","GetTickCount64","0x180105320"
"KERNEL32.dll","GetCurrentProcess","0x180105328"
"KERNEL32.dll","CreateFileW","0x180105330"
"KERNEL32.dll","LockFileEx","0x180105338"
"KERNEL32.dll","SetEndOfFile","0x180105340"
"KERNEL32.dll","UnlockFileEx","0x180105348"
"KERNEL32.dll","GetFileType","0x180105350"
"KERNEL32.dll","SetUnhandledExceptionFilter","0x180105358"
"KERNEL32.dll","SetEvent","0x180105360"
"KERNEL32.dll","WaitForSingleObject","0x180105368"
"KERNEL32.dll","SleepEx","0x180105370"
"KERNEL32.dll","CreateEventW","0x180105378"
"KERNEL32.dll","CreateThread","0x180105380"
"KERNEL32.dll","GetCurrentThreadId","0x180105388"
"KERNEL32.dll","CreateProcessW","0x180105390"
"KERNEL32.dll","FlushInstructionCache","0x180105398"
"KERNEL32.dll","GetVersion","0x1801053a0"
"KERNEL32.dll","InitializeConditionVariable","0x1801053a8"
"KERNEL32.dll","WakeConditionVariable","0x1801053b0"
"KERNEL32.dll","SleepConditionVariableCS","0x1801053b8"
"KERNEL32.dll","OutputDebugStringW","0x1801053c0"
"KERNEL32.dll","GetLocalTime","0x1801053c8"
"KERNEL32.dll","FormatMessageW","0x1801053d0"
"KERNEL32.dll","ReadFile","0x1801053d8"
"KERNEL32.dll","SetFilePointerEx","0x1801053e0"
"KERNEL32.dll","WriteFile","0x1801053e8"
"KERNEL32.dll","FindFirstFileExW","0x1801053f0"
"KERNEL32.dll","GetFileTime","0x1801053f8"
"KERNEL32.dll","InitializeCriticalSectionAndSpinCount","0x180105400"
"KERNEL32.dll","DeleteCriticalSection","0x180105408"
"KERNEL32.dll","FormatMessageA","0x180105410"
"KERNEL32.dll","SetLastError","0x180105418"
"KERNEL32.dll","SetNamedPipeHandleState","0x180105420"
"KERNEL32.dll","TransactNamedPipe","0x180105428"
"KERNEL32.dll","CreateNamedPipeW","0x180105430"
"KERNEL32.dll","WaitNamedPipeW","0x180105438"
"KERNEL32.dll","GetSystemTimeAsFileTime","0x180105440"
"KERNEL32.dll","LocalFree","0x180105448"
"KERNEL32.dll","GlobalAlloc","0x180105450"
"KERNEL32.dll","GlobalFree","0x180105458"
"KERNEL32.dll","GlobalLock","0x180105460"
"KERNEL32.dll","GlobalUnlock","0x180105468"
"USER32.dll","GetWindowDC","0x1801057a8"
"USER32.dll","GetDC","0x1801057b0"
"USER32.dll","RedrawWindow","0x1801057b8"
"USER32.dll","ClientToScreen","0x1801057c0"
"USER32.dll","BeginPaint","0x1801057c8"
"USER32.dll","EndPaint","0x1801057d0"
"USER32.dll","DefWindowProcW","0x1801057d8"
"USER32.dll","CallWindowProcW","0x1801057e0"
"USER32.dll","GetUpdateRect","0x1801057e8"
"USER32.dll","SetCursor","0x1801057f0"
"USER32.dll","PostQuitMessage","0x1801057f8"
"USER32.dll","OpenClipboard","0x180105800"
"USER32.dll","CloseClipboard","0x180105808"
"USER32.dll","EmptyClipboard","0x180105810"
"USER32.dll","GetClipboardData","0x180105818"
"USER32.dll","SetClipboardData","0x180105820"
"USER32.dll","IsClipboardFormatAvailable","0x180105828"
"USER32.dll","UpdateLayeredWindow","0x180105830"
"USER32.dll","TrackMouseEvent","0x180105838"
"USER32.dll","RegisterRawInputDevices","0x180105840"
"USER32.dll","SetCapture","0x180105848"
"USER32.dll","ReleaseCapture","0x180105850"
"USER32.dll","LoadImageW","0x180105858"
"USER32.dll","MapVirtualKeyW","0x180105860"
"USER32.dll","GetWindowLongW","0x180105868"
"USER32.dll","GetMessageW","0x180105870"
"USER32.dll","PostMessageW","0x180105878"
"USER32.dll","GetWindowRect","0x180105880"
"USER32.dll","DestroyWindow","0x180105888"
"USER32.dll","SetWindowPos","0x180105890"
"USER32.dll","SetWindowLongPtrW","0x180105898"
"USER32.dll","CreateWindowExW","0x1801058a0"
"USER32.dll","SendMessageW","0x1801058a8"
"USER32.dll","GetSystemMetrics","0x1801058b0"
"USER32.dll","UnregisterClassW","0x1801058b8"
"USER32.dll","SetWindowTextW","0x1801058c0"
"USER32.dll","GetWindowLongPtrW","0x1801058c8"
"USER32.dll","RegisterClassExW","0x1801058d0"
"USER32.dll","ShowWindow","0x1801058d8"
"USER32.dll","DispatchMessageW","0x1801058e0"
"USER32.dll","SetTimer","0x1801058e8"
"USER32.dll","PeekMessageW","0x1801058f0"
"USER32.dll","AdjustWindowRect","0x1801058f8"
"USER32.dll","MessageBoxW","0x180105900"
"USER32.dll","LoadCursorW","0x180105908"
"USER32.dll","SetWindowLongW","0x180105910"
"USER32.dll","GetClientRect","0x180105918"
"USER32.dll","IsZoomed","0x180105920"
"USER32.dll","KillTimer","0x180105928"
"USER32.dll","GetDesktopWindow","0x180105930"
"USER32.dll","InvalidateRect","0x180105938"
"USER32.dll","GetWindowTextW","0x180105940"
"USER32.dll","GetRawInputData","0x180105948"
"USER32.dll","ToUnicode","0x180105950"
"USER32.dll","PostMessageA","0x180105958"
"USER32.dll","IsWindow","0x180105960"
"USER32.dll","MessageBoxA","0x180105968"
"USER32.dll","TranslateMessage","0x180105970"
"GDI32.dll","GetKerningPairsW","0x180105040"
"GDI32.dll","SelectObject","0x180105048"
"GDI32.dll","BitBlt","0x180105050"
"GDI32.dll","CreateCompatibleDC","0x180105058"
"GDI32.dll","CreateFontW","0x180105060"
"GDI32.dll","DeleteDC","0x180105068"
"GDI32.dll","GetGlyphOutlineW","0x180105070"
"GDI32.dll","DeleteObject","0x180105078"
"GDI32.dll","GetOutlineTextMetricsW","0x180105080"
"GDI32.dll","CreateDIBSection","0x180105088"
"GDI32.dll","GetStockObject","0x180105090"
"ADVAPI32.dll","BuildExplicitAccessWithNameW","0x180105000"
"ADVAPI32.dll","SystemFunction036","0x180105008"
"ADVAPI32.dll","BuildSecurityDescriptorW","0x180105010"
"ADVAPI32.dll","ConvertStringSecurityDescriptorToSecurityDescriptorW","0x180105018"
"ADVAPI32.dll","RegCloseKey","0x180105020"
"ADVAPI32.dll","RegOpenKeyExW","0x180105028"
"ADVAPI32.dll","RegQueryValueExW","0x180105030"
"SHELL32.dll","ShellExecuteA","0x180105780"
"MSVCP140.dll","_Cnd_init_in_situ","0x180105478"
"MSVCP140.dll","_Cnd_destroy_in_situ","0x180105480"
"MSVCP140.dll","_Cnd_signal","0x180105488"
"MSVCP140.dll","_Thrd_sleep","0x180105490"
"MSVCP140.dll","_Cnd_wait","0x180105498"
"MSVCP140.dll","?sputc@?$basic_streambuf@DU?$char_traits@D@std@@@std@@QEAAHD@Z","0x1801054a0"
"MSVCP140.dll","?_Getcoll@_Locinfo@std@@QEBA?AU_Collvec@@XZ","0x1801054a8"
"MSVCP140.dll","?_Osfx@?$basic_ostream@DU?$char_traits@D@std@@@std@@QEAAXXZ","0x1801054b0"
"MSVCP140.dll","??6?$basic_ostream@DU?$char_traits@D@std@@@std@@QEAAAEAV01@PEBX@Z","0x1801054b8"
"MSVCP140.dll","??6?$basic_ostream@DU?$char_traits@D@std@@@std@@QEAAAEAV01@H@Z","0x1801054c0"
"MSVCP140.dll","?_Lock@?$basic_streambuf@DU?$char_traits@D@std@@@std@@UEAAXXZ","0x1801054c8"
"MSVCP140.dll","?sputn@?$basic_streambuf@DU?$char_traits@D@std@@@std@@QEAA_JPEBD_J@Z","0x1801054d0"
"MSVCP140.dll","?tolower@?$ctype@D@std@@QEBADD@Z","0x1801054d8"
"MSVCP140.dll","?tolower@?$ctype@D@std@@QEBAPEBDPEADPEBD@Z","0x1801054e0"
"MSVCP140.dll","?_Getcat@?$ctype@D@std@@SA_KPEAPEBVfacet@locale@2@PEBV42@@Z","0x1801054e8"
"MSVCP140.dll","_Thrd_join","0x1801054f0"
"MSVCP140.dll","_Thrd_id","0x1801054f8"
"MSVCP140.dll","_Cnd_do_broadcast_at_thread_exit","0x180105500"
"MSVCP140.dll","_Strcoll","0x180105508"
"MSVCP140.dll","?id@?$collate@D@std@@2V0locale@2@A","0x180105510"
"MSVCP140.dll","?id@?$ctype@D@std@@2V0locale@2@A","0x180105518"
"MSVCP140.dll","?_Xregex_error@std@@YAXW4error_type@regex_constants@1@@Z","0x180105520"
"MSVCP140.dll","?_Xinvalid_argument@std@@YAXPEBD@Z","0x180105528"
"MSVCP140.dll","?_Throw_Cpp_error@std@@YAXH@Z","0x180105530"
"MSVCP140.dll","_Strxfrm","0x180105538"
"MSVCP140.dll","_Mtx_unlock","0x180105540"
"MSVCP140.dll","_Xtime_get_ticks","0x180105548"
"MSVCP140.dll","_Mtx_init_in_situ","0x180105550"
"MSVCP140.dll","_Mtx_lock","0x180105558"
"MSVCP140.dll","_Mtx_destroy_in_situ","0x180105560"
"MSVCP140.dll","?_Throw_C_error@std@@YAXH@Z","0x180105568"
"MSVCP140.dll","?always_noconv@codecvt_base@std@@QEBA_NXZ","0x180105570"
"MSVCP140.dll","??1?$basic_istream@DU?$char_traits@D@std@@@std@@UEAA@XZ","0x180105578"
"MSVCP140.dll","??6?$basic_ostream@DU?$char_traits@D@std@@@std@@QEAAAEAV01@P6AAEAV01@AEAV01@@Z@Z","0x180105580"
"MSVCP140.dll","??1?$basic_ostream@DU?$char_traits@D@std@@@std@@UEAA@XZ","0x180105588"
"MSVCP140.dll","??1?$basic_ios@DU?$char_traits@D@std@@@std@@UEAA@XZ","0x180105590"
"MSVCP140.dll","?xsputn@?$basic_streambuf@DU?$char_traits@D@std@@@std@@MEAA_JPEBD_J@Z","0x180105598"
"MSVCP140.dll","?xsgetn@?$basic_streambuf@DU?$char_traits@D@std@@@std@@MEAA_JPEAD_J@Z","0x1801055a0"
"MSVCP140.dll","?showmanyc@?$basic_streambuf@DU?$char_traits@D@std@@@std@@MEAA_JXZ","0x1801055a8"
"MSVCP140.dll","?sbumpc@?$basic_streambuf@DU?$char_traits@D@std@@@std@@QEAAHXZ","0x1801055b0"
"MSVCP140.dll","??1?$basic_streambuf@DU?$char_traits@D@std@@@std@@UEAA@XZ","0x1801055b8"
"MSVCP140.dll","?setstate@?$basic_ios@DU?$char_traits@D@std@@@std@@QEAAXH_N@Z","0x1801055c0"
"MSVCP140.dll","?_Pninc@?$basic_streambuf@DU?$char_traits@D@std@@@std@@IEAAPEADXZ","0x1801055c8"
"MSVCP140.dll","?out@?$codecvt@DDU_Mbstatet@@@std@@QEBAHAEAU_Mbstatet@@PEBD1AEAPEBDPEAD3AEAPEAD@Z","0x1801055d0"
"MSVCP140.dll","?in@?$codecvt@DDU_Mbstatet@@@std@@QEBAHAEAU_Mbstatet@@PEBD1AEAPEBDPEAD3AEAPEAD@Z","0x1801055d8"
"MSVCP140.dll","??0?$basic_istream@DU?$char_traits@D@std@@@std@@QEAA@PEAV?$basic_streambuf@DU?$char_traits@D@std@@@1@_N@Z","0x1801055e0"
"MSVCP140.dll","??0?$basic_ostream@DU?$char_traits@D@std@@@std@@QEAA@PEAV?$basic_streambuf@DU?$char_traits@D@std@@@1@_N@Z","0x1801055e8"
"MSVCP140.dll","??0?$basic_ios@DU?$char_traits@D@std@@@std@@IEAA@XZ","0x1801055f0"
"MSVCP140.dll","?_Init@?$basic_streambuf@DU?$char_traits@D@std@@@std@@IEAAXXZ","0x1801055f8"
"MSVCP140.dll","?unshift@?$codecvt@DDU_Mbstatet@@@std@@QEBAHAEAU_Mbstatet@@PEAD1AEAPEAD@Z","0x180105600"
"MSVCP140.dll","?write@?$basic_ostream@DU?$char_traits@D@std@@@std@@QEAAAEAV12@PEBD_J@Z","0x180105608"
"MSVCP140.dll","?put@?$basic_ostream@DU?$char_traits@D@std@@@std@@QEAAAEAV12@D@Z","0x180105610"
"MSVCP140.dll","?_Unlock@?$basic_streambuf@DU?$char_traits@D@std@@@std@@UEAAXXZ","0x180105618"
"MSVCP140.dll","?imbue@?$basic_streambuf@DU?$char_traits@D@std@@@std@@MEAAXAEBVlocale@2@@Z","0x180105620"
"MSVCP140.dll","?setbuf@?$basic_streambuf@DU?$char_traits@D@std@@@std@@MEAAPEAV12@PEAD_J@Z","0x180105628"
"MSVCP140.dll","?sync@?$basic_streambuf@DU?$char_traits@D@std@@@std@@MEAAHXZ","0x180105630"
"MSVCP140.dll","?uflow@?$basic_streambuf@DU?$char_traits@D@std@@@std@@MEAAHXZ","0x180105638"
"MSVCP140.dll","??6?$basic_ostream@DU?$char_traits@D@std@@@std@@QEAAAEAV01@_K@Z","0x180105640"
"MSVCP140.dll","??6?$basic_ostream@DU?$char_traits@D@std@@@std@@QEAAAEAV01@I@Z","0x180105648"
"MSVCP140.dll","??6?$basic_ostream@DU?$char_traits@D@std@@@std@@QEAAAEAV01@G@Z","0x180105650"
"MSVCP140.dll","??6?$basic_ostream@DU?$char_traits@D@std@@@std@@QEAAAEAV01@K@Z","0x180105658"
"MSVCP140.dll","?read@?$basic_istream@DU?$char_traits@D@std@@@std@@QEAAAEAV12@PEAD_J@Z","0x180105660"
"MSVCP140.dll","?clear@?$basic_ios@DU?$char_traits@D@std@@@std@@QEAAXH_N@Z","0x180105668"
"MSVCP140.dll","?widen@?$basic_ios@DU?$char_traits@D@std@@@std@@QEBADD@Z","0x180105670"
"MSVCP140.dll","??0?$basic_streambuf@DU?$char_traits@D@std@@@std@@IEAA@XZ","0x180105678"
"MSVCP140.dll","?getloc@?$basic_streambuf@DU?$char_traits@D@std@@@std@@QEBA?AVlocale@2@XZ","0x180105680"
"MSVCP140.dll","??1facet@locale@std@@MEAA@XZ","0x180105688"
"MSVCP140.dll","?flush@?$basic_ostream@DU?$char_traits@D@std@@@std@@QEAAAEAV12@XZ","0x180105690"
"MSVCP140.dll","?_Getcat@?$codecvt@DDU_Mbstatet@@@std@@SA_KPEAPEBVfacet@locale@2@PEBV42@@Z","0x180105698"
"MSVCP140.dll","?_Xbad_alloc@std@@YAXXZ","0x1801056a0"
"MSVCP140.dll","?_Xout_of_range@std@@YAXPEBD@Z","0x1801056a8"
"MSVCP140.dll","?_Xlength_error@std@@YAXPEBD@Z","0x1801056b0"
"MSVCP140.dll","?_Getcvt@_Locinfo@std@@QEBA?AU_Cvtvec@@XZ","0x1801056b8"
"MSVCP140.dll","_Query_perf_frequency","0x1801056c0"
"MSVCP140.dll","_Query_perf_counter","0x1801056c8"
"MSVCP140.dll","??1_Lockit@std@@QEAA@XZ","0x1801056d0"
"MSVCP140.dll","??0_Lockit@std@@QEAA@H@Z","0x1801056d8"
"MSVCP140.dll","?_Getgloballocale@locale@std@@CAPEAV_Locimp@12@XZ","0x1801056e0"
"MSVCP140.dll","?_Init@locale@std@@CAPEAV_Locimp@12@_N@Z","0x1801056e8"
"MSVCP140.dll","?_Winerror_map@std@@YAHH@Z","0x1801056f0"
"MSVCP140.dll","?id@?$numpunct@D@std@@2V0locale@2@A","0x1801056f8"
"MSVCP140.dll","?_Syserror_map@std@@YAPEBDH@Z","0x180105700"
"MSVCP140.dll","?setw@std@@YA?AU?$_Smanip@_J@1@_J@Z","0x180105708"
"MSVCP140.dll","??0facet@locale@std@@IEAA@_K@Z","0x180105710"
"MSVCP140.dll","?_Decref@facet@locale@std@@UEAAPEAV_Facet_base@3@XZ","0x180105718"
"MSVCP140.dll","?_Incref@facet@locale@std@@UEAAXXZ","0x180105720"
"MSVCP140.dll","??Bid@locale@std@@QEAA_KXZ","0x180105728"
"MSVCP140.dll","?_Gettrue@_Locinfo@std@@QEBAPEBDXZ","0x180105730"
"MSVCP140.dll","?_Getfalse@_Locinfo@std@@QEBAPEBDXZ","0x180105738"
"MSVCP140.dll","?_Getlconv@_Locinfo@std@@QEBAPEBUlconv@@XZ","0x180105740"
"MSVCP140.dll","??1_Locinfo@std@@QEAA@XZ","0x180105748"
"MSVCP140.dll","??0_Locinfo@std@@QEAA@PEBD@Z","0x180105750"
"MSVCP140.dll","?_Xbad_function_call@std@@YAXXZ","0x180105758"
"MSVCP140.dll","?id@?$codecvt@DDU_Mbstatet@@@std@@2V0locale@2@A","0x180105760"
"MSVCP140.dll","?_Fiopen@std@@YAPEAU_iobuf@@PEBDHH@Z","0x180105768"
"MSVCP140.dll","?sgetc@?$basic_streambuf@DU?$char_traits@D@std@@@std@@QEAAHXZ","0x180105770"
"WS2_32.dll","getaddrinfo","0x180105a68"
"WS2_32.dll","__WSAFDIsSet","0x180105a70"
"WS2_32.dll","closesocket","0x180105a78"
"WS2_32.dll","select","0x180105a80"
"WS2_32.dll","WSAStartup","0x180105a88"
"WS2_32.dll","WSACleanup","0x180105a90"
"WS2_32.dll","WSAGetLastError","0x180105a98"
"WS2_32.dll","setsockopt","0x180105aa0"
"WS2_32.dll","getnameinfo","0x180105aa8"
"WS2_32.dll","ioctlsocket","0x180105ab0"
"WS2_32.dll","freeaddrinfo","0x180105ab8"
"WS2_32.dll","getsockopt","0x180105ac0"
"WS2_32.dll","recv","0x180105ac8"
"WS2_32.dll","connect","0x180105ad0"
"WS2_32.dll","ntohs","0x180105ad8"
"WS2_32.dll","socket","0x180105ae0"
"WS2_32.dll","send","0x180105ae8"
"WS2_32.dll","getpeername","0x180105af0"
"WS2_32.dll","WSASocketW","0x180105af8"
"dwmapi.dll","DwmGetWindowAttribute","0x180105e80"
"VCRUNTIME140_1.dll","__CxxFrameHandler4","0x180105a10"
"VCRUNTIME140.dll","_purecall","0x180105980"
"VCRUNTIME140.dll","__std_type_info_destroy_list","0x180105988"
"VCRUNTIME140.dll","__current_exception_context","0x180105990"
"VCRUNTIME140.dll","__current_exception","0x180105998"
"VCRUNTIME140.dll","__C_specific_handler","0x1801059a0"
"VCRUNTIME140.dll","memchr","0x1801059a8"
"VCRUNTIME140.dll","strrchr","0x1801059b0"
"VCRUNTIME140.dll","__std_exception_destroy","0x1801059b8"
"VCRUNTIME140.dll","__std_exception_copy","0x1801059c0"
"VCRUNTIME140.dll","__std_terminate","0x1801059c8"
"VCRUNTIME140.dll","memset","0x1801059d0"
"VCRUNTIME140.dll","strchr","0x1801059d8"
"VCRUNTIME140.dll","memcpy","0x1801059e0"
"VCRUNTIME140.dll","memmove","0x1801059e8"
"VCRUNTIME140.dll","_CxxThrowException","0x1801059f0"
"VCRUNTIME140.dll","memcmp","0x1801059f8"
"VCRUNTIME140.dll","strstr","0x180105a00"
"api-ms-win-crt-heap-l1-1-0.dll","realloc","0x180105b90"
"api-ms-win-crt-heap-l1-1-0.dll","malloc","0x180105b98"
"api-ms-win-crt-heap-l1-1-0.dll","calloc","0x180105ba0"
"api-ms-win-crt-heap-l1-1-0.dll","_callnewh","0x180105ba8"
"api-ms-win-crt-heap-l1-1-0.dll","free","0x180105bb0"
"api-ms-win-crt-runtime-l1-1-0.dll","signal","0x180105c48"
"api-ms-win-crt-runtime-l1-1-0.dll","_errno","0x180105c50"
"api-ms-win-crt-runtime-l1-1-0.dll","_seh_filter_dll","0x180105c58"
"api-ms-win-crt-runtime-l1-1-0.dll","_configure_narrow_argv","0x180105c60"
"api-ms-win-crt-runtime-l1-1-0.dll","_initialize_narrow_environment","0x180105c68"
"api-ms-win-crt-runtime-l1-1-0.dll","_initialize_onexit_table","0x180105c70"
"api-ms-win-crt-runtime-l1-1-0.dll","_register_onexit_function","0x180105c78"
"api-ms-win-crt-runtime-l1-1-0.dll","_execute_onexit_table","0x180105c80"
"api-ms-win-crt-runtime-l1-1-0.dll","_crt_atexit","0x180105c88"
"api-ms-win-crt-runtime-l1-1-0.dll","_cexit","0x180105c90"
"api-ms-win-crt-runtime-l1-1-0.dll","exit","0x180105c98"
"api-ms-win-crt-runtime-l1-1-0.dll","abort","0x180105ca0"
"api-ms-win-crt-runtime-l1-1-0.dll","_invalid_parameter_noinfo_noreturn","0x180105ca8"
"api-ms-win-crt-runtime-l1-1-0.dll","_beginthreadex","0x180105cb0"
"api-ms-win-crt-runtime-l1-1-0.dll","strerror_s","0x180105cb8"
"api-ms-win-crt-runtime-l1-1-0.dll","terminate","0x180105cc0"
"api-ms-win-crt-runtime-l1-1-0.dll","_initterm","0x180105cc8"
"api-ms-win-crt-runtime-l1-1-0.dll","_initterm_e","0x180105cd0"
"api-ms-win-crt-math-l1-1-0.dll","sinf","0x180105bd8"
"api-ms-win-crt-math-l1-1-0.dll","powf","0x180105be0"
"api-ms-win-crt-math-l1-1-0.dll","_fdsign","0x180105be8"
"api-ms-win-crt-math-l1-1-0.dll","_ldsign","0x180105bf0"
"api-ms-win-crt-math-l1-1-0.dll","floorf","0x180105bf8"
"api-ms-win-crt-math-l1-1-0.dll","roundf","0x180105c00"
"api-ms-win-crt-math-l1-1-0.dll","cosf","0x180105c08"
"api-ms-win-crt-math-l1-1-0.dll","ceilf","0x180105c10"
"api-ms-win-crt-math-l1-1-0.dll","_ldclass","0x180105c18"
"api-ms-win-crt-math-l1-1-0.dll","ldexp","0x180105c20"
"api-ms-win-crt-math-l1-1-0.dll","_fdclass","0x180105c28"
"api-ms-win-crt-math-l1-1-0.dll","_dclass","0x180105c30"
"api-ms-win-crt-math-l1-1-0.dll","_dsign","0x180105c38"
"api-ms-win-crt-stdio-l1-1-0.dll","ferror","0x180105ce0"
"api-ms-win-crt-stdio-l1-1-0.dll","getc","0x180105ce8"
"api-ms-win-crt-stdio-l1-1-0.dll","fputc","0x180105cf0"
"api-ms-win-crt-stdio-l1-1-0.dll","feof","0x180105cf8"
"api-ms-win-crt-stdio-l1-1-0.dll","fflush","0x180105d00"
"api-ms-win-crt-stdio-l1-1-0.dll","__stdio_common_vsprintf_s","0x180105d08"
"api-ms-win-crt-stdio-l1-1-0.dll","__acrt_iob_func","0x180105d10"
"api-ms-win-crt-stdio-l1-1-0.dll","puts","0x180105d18"
"api-ms-win-crt-stdio-l1-1-0.dll","freopen_s","0x180105d20"
"api-ms-win-crt-stdio-l1-1-0.dll","__stdio_common_vsnprintf_s","0x180105d28"
"api-ms-win-crt-stdio-l1-1-0.dll","_get_stream_buffer_pointers","0x180105d30"
"api-ms-win-crt-stdio-l1-1-0.dll","_fseeki64","0x180105d38"
"api-ms-win-crt-stdio-l1-1-0.dll","fread","0x180105d40"
"api-ms-win-crt-stdio-l1-1-0.dll","fsetpos","0x180105d48"
"api-ms-win-crt-stdio-l1-1-0.dll","ungetc","0x180105d50"
"api-ms-win-crt-stdio-l1-1-0.dll","setvbuf","0x180105d58"
"api-ms-win-crt-stdio-l1-1-0.dll","fseek","0x180105d60"
"api-ms-win-crt-stdio-l1-1-0.dll","fgetpos","0x180105d68"
"api-ms-win-crt-stdio-l1-1-0.dll","__stdio_common_vsscanf","0x180105d70"
"api-ms-win-crt-stdio-l1-1-0.dll","fclose","0x180105d78"
"api-ms-win-crt-stdio-l1-1-0.dll","__stdio_common_vsprintf","0x180105d80"
"api-ms-win-crt-stdio-l1-1-0.dll","fgetc","0x180105d88"
"api-ms-win-crt-stdio-l1-1-0.dll","__stdio_common_vsprintf_p","0x180105d90"
"api-ms-win-crt-stdio-l1-1-0.dll","fwrite","0x180105d98"
"api-ms-win-crt-stdio-l1-1-0.dll","fopen_s","0x180105da0"
"api-ms-win-crt-stdio-l1-1-0.dll","_wfopen","0x180105da8"
"api-ms-win-crt-stdio-l1-1-0.dll","_wopen","0x180105db0"
"api-ms-win-crt-stdio-l1-1-0.dll","_close","0x180105db8"
"api-ms-win-crt-stdio-l1-1-0.dll","_locking","0x180105dc0"
"api-ms-win-crt-stdio-l1-1-0.dll","__stdio_common_vfprintf","0x180105dc8"
"api-ms-win-crt-convert-l1-1-0.dll","strtoul","0x180105b08"
"api-ms-win-crt-convert-l1-1-0.dll","strtol","0x180105b10"
"api-ms-win-crt-convert-l1-1-0.dll","strtod","0x180105b18"
"api-ms-win-crt-convert-l1-1-0.dll","strtof","0x180105b20"
"api-ms-win-crt-convert-l1-1-0.dll","strtoull","0x180105b28"
"api-ms-win-crt-convert-l1-1-0.dll","strtoll","0x180105b30"
"api-ms-win-crt-filesystem-l1-1-0.dll","_wstat64i32","0x180105b58"
"api-ms-win-crt-filesystem-l1-1-0.dll","_wfullpath","0x180105b60"
"api-ms-win-crt-filesystem-l1-1-0.dll","_unlock_file","0x180105b68"
"api-ms-win-crt-filesystem-l1-1-0.dll","_splitpath_s","0x180105b70"
"api-ms-win-crt-filesystem-l1-1-0.dll","_wstat64","0x180105b78"
"api-ms-win-crt-filesystem-l1-1-0.dll","_lock_file","0x180105b80"
"api-ms-win-crt-locale-l1-1-0.dll","localeconv","0x180105bc0"
"api-ms-win-crt-locale-l1-1-0.dll","___lc_codepage_func","0x180105bc8"
"api-ms-win-crt-string-l1-1-0.dll","_wcsicmp","0x180105dd8"
"api-ms-win-crt-string-l1-1-0.dll","strcat_s","0x180105de0"
"api-ms-win-crt-string-l1-1-0.dll","_wcsdup","0x180105de8"
"api-ms-win-crt-string-l1-1-0.dll","strcpy_s","0x180105df0"
"api-ms-win-crt-string-l1-1-0.dll","toupper","0x180105df8"
"api-ms-win-crt-string-l1-1-0.dll","strcmp","0x180105e00"
"api-ms-win-crt-string-l1-1-0.dll","strncmp","0x180105e08"
"api-ms-win-crt-string-l1-1-0.dll","tolower","0x180105e10"
"api-ms-win-crt-string-l1-1-0.dll","_stricmp","0x180105e18"
"api-ms-win-crt-string-l1-1-0.dll","isalpha","0x180105e20"
"api-ms-win-crt-time-l1-1-0.dll","_time64","0x180105e30"
"api-ms-win-crt-time-l1-1-0.dll","_mkgmtime64","0x180105e38"
"api-ms-win-crt-time-l1-1-0.dll","_gmtime64","0x180105e40"
"api-ms-win-crt-time-l1-1-0.dll","strftime","0x180105e48"
"api-ms-win-crt-environment-l1-1-0.dll","_wgetenv","0x180105b40"
"api-ms-win-crt-environment-l1-1-0.dll","getenv","0x180105b48"
